net,sta,start,end,lat,lon,elv,digitizer,vel,acc,chan
KS,ADOA,2015-09-30,,36.5726,128.7009,162.0,q330hrs,,ES-DH-A,HG
KS,AGSA,2018-03-09,,37.0917,127.808,114.0,q330sp,,ES-DH-A,HG
KS,AMD,2015-09-30,,35.3436,126.03,79.0,q330hrs,STS-2.5-A,ES-T-A,HH
KS,ANDB,2022-11-29,,33.25658,126.32875,84.0,Centaur,Trilium120PH-A,Titan-PH-A,HH
KS,ANHA,2022-11-29,,37.464696,128.155024,540.0,Centaur,,Titan-PH-A,HG
KS,ANMA,2016-12-16,,36.5386,126.33,89.0,q330sp,,ES-DH-A,HG
KS,ASNA,2019-03-18,,36.8277,127.0123,96.0,q330sp,,ES-DH-A,HG
KS,BAR2,2016-12-16,,37.9771,124.7142,88.3,q330hrs,STS-2.5-A,ES-T-A,HH
KS,BAU,2016-05-31,,35.1027,127.5968,560.0,q330hrs,CMG-40T-1-B,ES-T-A,EL
KS,BGDB,2016-05-31,,34.7726,125.9469,52.0,q330hrs,CMG-3TB-A,ES-DH-A,HH
KS,BKWA,2019-03-18,,37.1681,127.9875,294.0,q330sp,,ES-DH-A,HG
KS,BLGA,2018-03-09,,36.1392,127.3032,308.0,q330sp,,ES-DH-A,HG
KS,BLLA,2018-03-09,,34.8646,127.4638,49.0,q330sp,,ES-DH-A,HG
KS,BOGA,2019-03-18,,37.0131,127.3294,105.0,q330sp,,ES-DH-A,HG
KS,BOHB,2022-11-29,,36.926326,129.053685,342.0,Centaur,Trilium120PH-A,Titan-PH-A,HH
KS,BON2,2018-03-09,,36.5482,127.7981,367.0,q330hrs,CMG-40T-1-B,ES-T-A,EL
KS,BSAA,2019-03-18,,35.0661,129.0741,190.0,q330sp,,ES-DH-A,HG
KS,BURB,2016-05-31,,37.2317,127.7486,86.0,q330hrs,CMG-3TB-B,ES-DH-A,HH
KS,BUS3,2020-03-18,,35.2486,129.1124,119.4,q330hrs,STS-2.5-A,ES-T-A,HH
KS,BUSA,2018-03-09,,36.9791,128.6611,357.0,q330sp,,ES-DH-A,HG
KS,BUYB,2015-09-30,,36.2726,126.9206,57.0,q330hrs,STS-5A-A,ES-DH-A,HH
KS,CDSA,2021-11-05,,35.704465,128.444361,82.0,Centaur,,Titan-PH-A,HG
KS,CE2A,2020-12-24,,36.6268,127.5135,134.0,q330hrs,,ES-DH-A,HG
KS,CEA2,2018-03-09,,36.8231,127.2574,228.0,q330hrs,CMG-40T-1-A,ES-T-A,EL
KS,CEBA,2020-10-21,,37.5405,130.9169,59.0,q330sp,,ES-DH-A,HG
KS,CGAA,2019-03-18,,36.7069,127.7263,249.0,q330sp,,ES-DH-A,HG
KS,CGDA,2018-03-09,,35.6628,128.6703,141.0,q330sp,,ES-DH-A,HG
KS,CGIA,2018-03-09,,37.5823,128.1527,264.0,q330sp,,ES-DH-A,HG
KS,CGPA,2019-03-18,,34.8766,126.9709,130.0,q330sp,,ES-DH-A,HG
KS,CGUB,2018-03-09,,37.5583,127.7136,160.0,q330hrs,CMG-3TB-A,ES-DH-A,HH
KS,CGWB,2018-03-09,,35.1702,128.5721,83.3,q330hrs,CMG-3TB-A,ES-DH-A,HH
KS,CGYA,2018-03-09,,36.4234767,126.7787833,0.141,q330sp,,ES-DH-A,HG
KS,CHDA,2019-03-18,,34.2367,127.2496,81.0,q330sp,,ES-DH-A,HG
KS,CHIA,2022-11-29,,37.127287,127.116933,86.0,Centaur,,Titan-PH-A,HG
KS,CHJ3,2020-03-18,,36.873,127.9748,238.0,q330hrs,STS-2.5-A,ES-T-A,HH
KS,CHOA,2019-03-18,,35.8408,127.117,107.0,q330hrs,,ES-DH-A,HG
KS,CHRB,2019-03-18,,35.5342,128.4779,73.0,q330hrs,STS-5A-A,ES-DH-A,HH
KS,CHYB,2015-09-30,,36.9439,128.9144,366.0,q330hrs,CMG-3TB-A,ES-DH-A,HH
KS,CIGB,2016-05-31,,36.0398,128.3813,85.0,q330hrs,CMG-3TB-B,ES-DH-A,HH
KS,CJD,2015-09-30,,33.9593,126.2933,82.0,q330hrs,STS-2.5-A,ES-T-A,HH
KS,CJDB,2018-03-09,,36.1741,126.5285,69.0,q330hrs,CMG-3TB-A,ES-DH-A,HH
KS,CLSA,2019-03-18,,35.3628,128.4907,50.0,q330sp,,ES-DH-A,HG
KS,CPR2,2016-05-31,,36.2211,127.9718,297.0,q330hrs,CMG-40T-1-B,ES-T-A,EL
KS,CSDB,2016-12-16,,34.1811,126.8956,79.0,q330hrs,CMG-3TB-B,ES-DH-A,HH
KS,CSOA,2018-03-09,,36.3878,129.0854,258.0,q330sp,,ES-DH-A,HG
KS,CWO2,2016-05-31,,38.0834,127.5204,395.0,q330hrs,CMG-40T-1-B,ES-T-A,EL
KS,DAGA,2019-03-18,,35.8788,128.6527,112.2,q330sp,,ES-DH-A,HG
KS,DAYA,2022-11-29,,35.310266,126.972796,44.0,Centaur,,Titan-PH-A,HG
KS,DDCA,2016-05-31,,37.902,127.061,162.39999999999998,q330hrs,,ES-DH-A,HG
KS,DDCB,2021-11-05,,37.8317,124.7069,81.0,Centaur,Trilium120PH-A,Titan-PH-A,HH
KS,DEI2,2019-03-18,,37.2557,126.1048,91.1,q330hrs,STS-2.5-A,ES-T-A,HH
KS,DGHA,2018-03-09,,35.8352,127.5711,359.0,q330sp,,ES-DH-A,HG
KS,DGJA,2019-03-18,,36.8894,126.6174,85.0,q330sp,,ES-DH-A,HG
KS,DGLA,2018-03-09,,36.7907,128.2706,496.0,q330sp,,ES-DH-A,HG
KS,DKSA,2018-03-09,,36.9044,128.1456,322.0,q330sp,,ES-DH-A,HG
KS,DNBA,2018-03-09,,36.3906,128.4284,116.0,q330sp,,ES-DH-A,HG
KS,DNYA,2019-03-18,,36.9877,128.3559,231.0,q330sp,,ES-DH-A,HG
KS,DUSB,2016-05-31,,35.8942,127.7731,694.0,q330hrs,STS-2.5-A,ES-DH-A,HH
KS,ECDB,2015-09-30,,36.1183,125.9797,84.0,q330hrs,CMG-3TB-B,ES-DH-A,HH
KS,EURB,2012-11-11,,35.322492,128.288222,13.0,Centaur,Trilium120PH-A,Titan-PH-A,HH
KS,EUSB,2015-09-30,,36.3561,128.6887,123.0,q330hrs,STS-2.5-A,ES-DH-A,HH
KS,GACA,2018-03-09,,35.1136,128.3071,178.0,q330sp,,ES-DH-A,HG
KS,GAGA,2019-03-18,,37.1306,129.1696,203.0,q330sp,,ES-DH-A,HG
KS,GAPB,2015-09-30,,37.8442,127.4949,123.8,q330hrs,CMG-3TB-A,ES-DH-A,HH
KS,GBI2,2019-03-18,,36.6255,125.559515,144.1,q330hrs,STS-2.5-A,ES-T-A,HH
KS,GDDB,2016-12-16,,34.9931,128.8313,127.40000000000002,q330hrs,CMG-3TB-B,ES-DH-A,HH
KS,GEJA,2022-11-29,,34.998401,128.679686,24.0,Centaur,,Titan-PH-A,HG
KS,GEJB,2018-03-09,,38.4165,128.3858,135.0,q330hrs,STS-2.5-A,ES-DH-A,HH
KS,GGDA,2018-03-09,,35.9499,129.2531,85.0,q330sp,,ES-DH-A,HG
KS,GGDB,2015-09-30,,34.0521917,125.126362,69.0,q330hrs,CMG-3TB-B,ES-DH-A,HH
KS,GGGA,2018-03-09,,36.3637,129.3908,132.0,q330sp,,ES-DH-A,HG
KS,GGSA,2019-03-18,,36.9295,129.1518,655.0,q330sp,,ES-DH-A,HG
KS,GGTA,2019-03-18,,37.7686,126.8991,126.0,q330sp,,ES-DH-A,HG
KS,GH2B,2019-03-18,,37.7076,126.446435,81.69999999999999,q330hrs,STS-5A-A,ES-DH-A,HH
KS,GICA,2019-03-18,,36.0812,128.1016,120.0,q330sp,,ES-DH-A,HG
KS,GIGA,2018-03-09,,36.0689,129.1996,104.0,q330sp,,ES-DH-A,HG
KS,GIJA,2022-11-29,,35.796622,126.902045,16.0,Centaur,,Titan-PH-A,HG
KS,GKSA,2019-03-18,,35.2304,127.2252,182.0,q330sp,,ES-DH-A,HG
KS,GLCA,2019-03-18,,37.9049,128.5207,600.0,q330sp,,ES-DH-A,HG
KS,GLSA,2019-03-18,,36.5255,126.545,77.0,q330sp,,ES-DH-A,HG
KS,GMDB,2015-09-30,,34.0408,127.2882,132.0,q330hrs,STS-2.5-A,ES-DH-A,HH
KS,GMHB,2018-03-09,,38.25,127.421,246.0,q330hrs,CMG-3TB-A,ES-DH-A,HH
KS,GMPB,2018-03-09,,37.6421,126.6756,52.0,q330hrs,STS-2.5-A,ES-DH-A,HH
KS,GOBA,2022-11-29,,36.657064,126.544051,45.0,Centaur,,Titan-PH-A,HG
KS,GOCB,2012-12-31,,35.348448,126.598183,45.0,Centaur,Trilium120PH-A,Titan-PH-A,HH
KS,GOSF,2022-08-05,,33.302741,126.182302,20.0,q330hrs,CMG-40T-1-B,ES-T-A,EL
KS,GSGA,2019-03-18,,37.5516,126.8443,91.6,q330sp,,ES-DH-A,HG
KS,GSNA,2018-03-09,,35.7576,129.0109,220.0,q330sp,,ES-DH-A,HG
KS,GUJA,2019-03-18,,33.5504,126.7503,63.0,q330sp,,ES-DH-A,HG
KS,GUMA,2019-03-18,,36.2347,128.2902,102.0,q330sp,,ES-DH-A,HG
KS,GUWB,2016-12-16,,36.18242,128.5932,138.9,q330hrs,STS-2.5-A,ES-DH-A,HH
KS,GWLA,2019-03-18,,37.2195,128.8212,873.0,q330sp,,ES-DH-A,HG
KS,GWYB,2012-12-31,,34.943289,127.691414,76.0,Centaur,Trilium120PH-A,Titan-PH-A,HH
KS,HA2B,2020-12-24,,33.3925,126.2582,40.0,Centaur,Trilium120PH-A,Titan-PH-A,HH
KS,HACA,2015-09-30,,35.4135383,128.1016417,126.0,q330hrs,,ES-DH-A,HG
KS,HAIA,2018-03-09,,34.9444,128.1928,62.0,q330sp,,ES-DH-A,HG
KS,HAMB,2012-11-02,,35.5115544,127.745693,188.0,Centaur,Trilium120PH-A,Titan-PH-A,HH
KS,HANB,2015-09-30,,34.554,126.5688,65.0,q330hrs,STS-5A-A,ES-DH-A,HH
KS,HAWA,2018-03-09,,34.671,126.3283,44.0,q330sp,,ES-DH-A,HG
KS,HAWB,2012-12-25,,37.084445,126.773925,10.0,Centaur,Trilium120PH-A,Titan-PH-A,HH
KS,HCNA,2016-05-31,,35.5652,128.17,79.0,q330hrs,,ES-DH-A,HG
KS,HEDA,2019-03-18,,34.6064,126.0365,55.0,q330sp,,ES-DH-A,HG
KS,HESA,2019-03-18,,37.5406,127.9565,249.0,q330sp,,ES-DH-A,HG
KS,HGDB,2018-03-09,,34.7068,125.2012,45.0,q330hrs,CMG-3TB-A,ES-DH-A,HH
KS,HGSA,2019-03-18,,36.6579,126.6879,65.0,q330sp,,ES-DH-A,HG
KS,HMGA,2018-03-09,,36.0761,129.5666,79.0,q330sp,,ES-DH-A,HG
KS,HMPA,2018-03-09,,35.1413,126.6176,58.0,q330sp,,ES-DH-A,HG
KS,HOCA,2016-12-16,,37.6838,127.8801,184.0,q330sp,,ES-DH-A,HG
KS,HONA,2019-03-18,,36.4457,127.5791,162.0,q330sp,,ES-DH-A,HG
KS,HSJB,2021-11-02,,36.5668,127.2804,86.0,Centaur,Trilium120PH-A,Titan-PH-A,HH
KS,HTDA,2019-03-18,,34.3908,125.2986,48.0,q330sp,,ES-DH-A,HG
KS,HWCA,2015-09-30,,38.065,127.7746,287.9,q330hrs,,ES-DH-A,HG
KS,HWDB,2019-03-18,,37.6322,127.3404,71.0,q330hrs,STS-5A-A,ES-DH-A,HH
KS,HWSA,2019-03-18,,36.4412,127.9441,321.0,q330sp,,ES-DH-A,HG
KS,HYDA,2022-11-29,,36.283577,129.019264,287.0,Centaur,,Titan-PH-A,HG
KS,ICN2,2016-12-16,,37.2908,127.4167,128.0,q330hrs,CMG-40T-1-A,ES-T-A,EL
KS,IJAA,2015-09-30,,37.9471,128.3248,335.9,q330hrs,,ES-DH-A,HG
KS,IJBA,2018-03-09,,38.1208,128.3173,462.0,q330sp,,ES-DH-A,HG
KS,IJDB,2019-03-18,,35.1028,126.0651,55.0,q330hrs,STS-5A-A,ES-DH-A,HH
KS,IKSA,2015-09-30,,36.0592,127.0619,86.0,q330hrs,,ES-DH-A,HG
KS,IKSB,2023-03-10,,35.9355,126.9747,66.0,q330hrs,CMG-3TB-A,ES-DH-A,HH
KS,IMSB,2019-03-18,,35.6124,127.2854,238.0,q330hrs,STS-5A-A,ES-DH-A,HH
KS,IMWB,2012-12-23,,37.237934,129.342076,21.0,Centaur,Trilium120PH-A,Titan-PH-A,HH
KS,INCA,2016-05-31,,37.4777,126.624,108.0,q330hrs,,ES-DH-A,HG
KS,INJA,2021-11-13,,36.993,126.918474,59.0,Centaur,,Titan-PH-A,HG
KS,IPTA,2021-11-05,,36.996887,127.135381,0.0649999999999999,Centaur,,Titan-PH-A,HG
KS,ISHB,2021-11-05,,37.348832,126.70386,49.0,Centaur,Trilium120PH-A,Titan-PH-A,HH
KS,IYIB,2021-12-23,,37.2708,127.2317,164.0,q330hrs,CMG-3TB-B,ES-DH-A,HH
KS,IYPA,2021-11-11,,37.491441,127.521814,94.0,Centaur,,Titan-PH-A,HG
KS,JAEA,2019-03-18,,36.8,128.9903,380.0,q330sp,,ES-DH-A,HG
KS,JAEB,2022-11-29,,34.879054,126.028758,2.0,Centaur,Trilium120PH-A,Titan-PH-A,HH
KS,JAGA,2019-03-18,,35.3196,126.8107,121.8,q330sp,,ES-DH-A,HG
KS,JAHA,2016-12-16,,34.689,126.9194,89.0,q330sp,,ES-DH-A,HG
KS,JASA,2016-12-16,,35.6571,127.5204,454.0,q330sp,,ES-DH-A,HG
KS,JCUA,2019-03-18,,37.2753,128.2694,322.0,q330sp,,ES-DH-A,HG
KS,JDGB,2021-11-09,,37.690417,128.674248,813.0,Centaur,Trilium120PH-A,Titan-PH-A,HH
KS,JDO2,2019-03-18,,34.473,126.3238,541.0,q330hrs,GS-13-A,ES-T-A,EL
KS,JECB,2015-09-30,,37.1595,128.1945,317.0,q330hrs,CMG-3TB-B,ES-DH-A,HH
KS,JEDA,2022-11-29,,35.001844,126.101988,8.0,Centaur,,Titan-PH-A,HG
KS,JEJB,2016-12-16,,35.6374,129.4411,46.4,q330hrs,CMG-3TB-C,ES-DH-A,HH
KS,JESA,2018-03-09,,37.4303,128.6653,434.0,q330sp,,ES-DH-A,HG
KS,JEU2,2016-12-16,,35.49345,126.929807,198.0,q330hrs,CMG-40T-1-A,ES-T-A,EL
KS,JGJA,2021-11-13,,37.704719,128.913415,78.0,Centaur,,Titan-PH-A,HG
KS,JGNA,2019-03-18,,35.8754,128.0485,413.0,q330sp,,ES-DH-A,HG
KS,JHCB,2021-11-12,,38.232183,127.688756,468.0,Centaur,Trilium120PH-A,Titan-PH-A,HH
KS,JINA,2016-05-31,,35.1642,128.0402,73.0,q330hrs,,ES-DH-A,HG
KS,JJBA,2021-11-13,,37.647925,128.564524,575.0,Centaur,,Titan-PH-A,HG
KS,JJU2,2016-12-16,,33.4305,126.5463,569.0,q330hrs,STS-2.5-A,ES-T-A,HH
KS,JKJA,2019-03-18,,36.2421,129.2151,424.0,q330sp,,ES-DH-A,HG
KS,JLSA,2019-03-18,,35.3574,127.648,541.0,q330sp,,ES-DH-A,HG
KS,JMJ2,2019-03-18,,37.8816,128.7561,108.0,q330hrs,GS-13-A,ES-T-A,EL
KS,JNHA,2018-03-09,,35.1121,128.7536,47.0,q330sp,,ES-DH-A,HG
KS,JNPA,2015-09-30,,36.7956,127.5621,128.0,q330hrs,,ES-DH-A,HG
KS,JNUA,2019-03-18,,36.6908,127.2005,126.0,q330sp,,ES-DH-A,HG
KS,JNYA,2018-03-09,,35.2822,128.7175,74.0,q330sp,,ES-DH-A,HG
KS,JODB,2018-03-09,,34.3115,126.0437,60.0,q330hrs,CMG-3TB-A,ES-DH-A,HH
KS,JOGB,2021-11-11,,37.621027,128.980129,70.0,Centaur,Trilium120PH-A,Titan-PH-A,HH
KS,JSTB,2021-07-07,,37.19218,128.66809,596.0,q330hrs,STS-5A-A,ES-DH-A,HH
KS,JUCA,2018-03-09,,35.2423,128.828,56.0,q330sp,,ES-DH-A,HG
KS,JURA,2018-03-09,,37.6147,127.0868,88.0,q330sp,,ES-DH-A,HG
KS,JWJB,2021-11-04,,37.415544,128.050498,299.0,Centaur,Trilium120PH-A,Titan-PH-A,HH
KS,KAWA,2016-12-16,,37.8052,128.8548,133.0,q330sp,,ES-DH-A,HG
KS,KCH2,2016-05-31,,35.614,127.9188,442.0,q330hrs,CMG-40T-1-A,ES-T-A,EL
KS,KESB,2021-11-04,,36.953658,127.604785,0.237,Centaur,Trilium120PH-A,Titan-PH-A,HH
KS,KH2B,2020-03-18,,34.6185,127.2757,108.0,q330hrs,STS-5A-A,ES-DH-A,HH
KS,KKDA,2019-03-18,,34.4557,127.1222,55.0,q330sp,,ES-DH-A,HG
KS,KMSB,2019-03-18,,36.1059,127.4816,217.8,q330hrs,STS-5A-A,ES-DH-A,HH
KS,KOSB,2018-03-09,,38.6028,128.3595,15.0,q330hrs,STS-5A-A,ES-DH-A,HH
KS,KWJ2,2015-09-30,,35.1599,126.9911,263.0,q330hrs,STS-2.5-A,ES-T-A,HH
KS,KWJU,2015-09-30,,35.1599,126.9911,263.0,q330hrs,STS-1-A,,HH
KS,LIWA,2019-03-18,,36.2482,127.6137,151.0,q330sp,,ES-DH-A,HG
KS,LMGA,2019-03-18,,37.4918,128.8637,554.0,q330sp,,ES-DH-A,HG
KS,MALA,2018-03-09,,35.7445,127.3477,304.0,q330sp,,ES-DH-A,HG
KS,MANA,2019-03-18,,35.0941,126.285,70.4,q330sp,,ES-DH-A,HG
KS,MGY2,2016-12-16,,36.6551667,128.060783,70.4,q330hrs,CMG-40T-1-A,ES-T-A,EL
KS,MJDB,2019-03-18,,34.2074,125.469,47.0,q330hrs,STS-5A-A,ES-DH-A,HH
KS,MLGA,2018-03-09,,35.3113,128.997,52.0,q330sp,,ES-DH-A,HG
KS,MMD,2018-03-09,,34.6488,128.5769,128.0,q330hrs,STS-2.5-A,ES-T-A,HH
KS,MND,2015-09-30,,35.8043,126.4242,56.4,q330hrs,STS-2.5-A,ES-T-A,HH
KS,MNDB,2019-03-18,,34.966515,127.160857,168.0,q330hrs,STS-5A-A,ES-DH-A,HH
KS,MOGA,2019-03-18,,37.6962,127.5825,126.0,q330sp,,ES-DH-A,HG
KS,MOPB,2018-03-09,,34.8173,126.3812,87.0,q330hrs,CMG-3TB-B,ES-DH-A,HH
KS,MSMB,2021-11-08,,35.689173,126.556217,49.0,Centaur,Trilium120PH-A,Titan-PH-A,HH
KS,MSNA,2018-03-09,,35.5884,128.9539,275.0,q330sp,,ES-DH-A,HG
KS,MUS2,2016-12-16,,37.8862,126.7656,70.8,q330hrs,CMG-40T-1-A,ES-T-A,EL
KS,NACA,2018-03-09,,35.9505,126.591,51.0,q330sp,,ES-DH-A,HG
KS,NAHA,2018-03-09,,34.8167,127.9261,96.0,q330sp,,ES-DH-A,HG
KS,NAJA,2018-03-09,,35.0261,126.8264,67.4,q330sp,,ES-DH-A,HG
KS,NAMB,2018-03-09,,37.7711,128.3863,655.0,q330hrs,CMG-3TB-A,ES-DH-A,HH
KS,NAWB,2012-12-20,,35.42117,127.396272,127.0,Centaur,Trilium120PH-A,Titan-PH-A,HH
KS,NCNA,2018-03-09,,37.8197,128.0919,277.0,q330sp,,ES-DH-A,HG
KS,NGJA,2021-11-13,,34.644516,126.784051,55.0,Centaur,,Titan-PH-A,HG
KS,NHPA,2021-11-13,,35.060394,126.527374,37.0,Centaur,,Titan-PH-A,HG
KS,NHSB,2021-11-04,,34.687072,125.450413,111.0,Centaur,Trilium120PH-A,Titan-PH-A,HH
KS,NJDA,2018-03-09,,37.0503,126.4221,59.0,q330sp,,ES-DH-A,HG
KS,NLDA,2018-03-09,,34.5326,127.4673,127.0,q330sp,,ES-DH-A,HG
KS,NOSA,2019-03-18,,36.2836,127.1272,108.0,q330sp,,ES-DH-A,HG
KS,NPGA,2021-11-13,,34.786946,126.147751,29.0,Centaur,,Titan-PH-A,HG
KS,NSJA,2021-11-13,,34.381934,126.515861,45.0,Centaur,,Titan-PH-A,HG
KS,NYSA,2021-11-04,,34.378096,126.88675,35.0,Centaur,,Titan-PH-A,HG
KS,OADB,2021-11-13,,36.524538,128.831413,135.0,Centaur,Trilium120PH-A,Titan-PH-A,HH
KS,OGSB,2021-11-09,,35.7685,128.8971,281.0,Centaur,Trilium120PH-A,Titan-PH-A,HH
KS,OHBA,2021-11-13,,36.138884,128.994749,405.0,Centaur,,Titan-PH-A,HG
KS,OJSA,2021-11-13,,36.786901,128.571418,196.0,Centaur,,Titan-PH-A,HG
KS,OKCB,2012-12-05,,36.34626,127.79412,118.0,Centaur,Trilium120PH-A,Titan-PH-A,HH
KS,OOJB,2021-11-10,,36.701999,129.408396,103.0,Centaur,Trilium120PH-A,Titan-PH-A,HH
KS,OPHB,2021-11-13,,36.190497,129.339183,76.0,Centaur,Trilium120PH-A,Titan-PH-A,HH
KS,OPSA,2021-11-13,,36.580989,128.560634,119.0,Centaur,,Titan-PH-A,HG
KS,OSBA,2021-11-08,,36.276214,128.466333,101.0,Centaur,,Titan-PH-A,HG
KS,OUJA,2021-11-13,,37.11573,129.370242,42.0,Centaur,,Titan-PH-A,HG
KS,OWSA,2021-11-13,,35.863047,129.209289,68.0,Centaur,,Titan-PH-A,HG
KS,OYDB,2015-09-30,,36.2294,126.0757,65.0,q330hrs,3ESPC,ES-DH-A,HH
KS,PGEA,2019-03-18,,36.7559,128.692,210.0,q330sp,,ES-DH-A,HG
KS,PHDA,2021-11-10,,35.1287,127.745,337.0,q330sp,,ES-DH-A,HG
KS,PMYA,2021-11-12,,35.501783,128.760554,121.0,Centaur,,Titan-PH-A,HG
KS,PORA,2012-12-31,,36.327826,126.557519,40.0,Centaur,,Titan-PH-A,HG
KS,PTYC,2021-11-13,,34.85075,128.4375733,81.0,q330hrs,CMG-40T-1-A,ES-T-A,EL
KS,PUAA,2016-05-31,,35.7295,126.7167,54.8,q330hrs,,ES-DH-A,HG
KS,PUYA,2022-11-29,,36.56179,128.306132,76.0,Centaur,,Titan-PH-A,HG
KS,PYCB,2019-03-18,,37.3774,128.3946,356.0,q330hrs,STS-5A-A,ES-DH-A,HH
KS,PYSB,2019-03-18,,33.3536,126.8167,124.0,q330hrs,STS-5A-A,ES-DH-A,HH
KS,SACA,2016-12-16,,35.4131,127.8789,181.3,q330sp,,ES-DH-A,HG
KS,SAJB,2019-03-18,,36.4079,128.1575,155.0,q330hrs,STS-5A-A,ES-DH-A,HH
KS,SCHA,2016-05-31,,35.0199,127.3692,195.0,q330hrs,,ES-DH-A,HG
KS,SECA,2018-03-09,,36.142,126.7519,56.0,q330sp,,ES-DH-A,HG
KS,SEJA,2022-11-29,,35.947423,128.21703,59.0,Centaur,,Titan-PH-A,HG
KS,SENA,2022-11-29,,35.538485,126.742386,31.0,Centaur,,Titan-PH-A,HG
KS,SEO3,2020-03-18,,37.4939,126.917,113.0,q330hrs,STS-2.5-A,ES-T-A,HH
KS,SESA,2019-03-18,,37.7196,128.1735,330.0,q330sp,,ES-DH-A,HG
KS,SGMA,2018-03-09,,37.8282,127.288,308.0,q330sp,,ES-DH-A,HG
KS,SGNA,2019-03-18,,37.4461,127.1832,225.0,q330sp,,ES-DH-A,HG
KS,SGP2,2016-12-16,,33.2587,126.4993,239.3,q330hrs,STS-2.5-A,ES-T-A,HH
KS,SH2B,2019-03-18,,38.2685,128.2524,432.0,q330hrs,STS-5A-A,ES-DH-A,HH
KS,SIJA,2019-03-18,,34.8954483,126.588043,59.0,q330sp,,ES-DH-A,HG
KS,SKBA,2019-03-18,,36.521,129.1791,320.0,q330sp,,ES-DH-A,HG
KS,SKC2,2016-05-31,,38.2898,128.5219,70.0,q330hrs,CMG-40T-1-B,ES-T-A,EL
KS,SLSA,2019-03-18,,37.1349,127.5196,137.0,q330sp,,ES-DH-A,HG
KS,SMWA,2018-01-22,,35.5259,126.5522,74.0,q330sp,,ES-DH-A,HG
KS,SNDA,2019-03-18,,37.2617,128.5956,311.0,q330sp,,ES-DH-A,HG
KS,SNGB,2018-03-09,,37.3465,129.0865,124.0,q330hrs,CMG-3TB-A,ES-DH-A,HH
KS,SNNA,2019-03-18,,36.0502,128.7111,305.0,q330sp,,ES-DH-A,HG
KS,SNWA,2022-11-29,,33.279813,126.705114,0.036,Centaur,,Titan-PH-A,HG
KS,SODA,2018-03-09,,37.5714,126.9661,132.0,q330sp,,ES-DH-A,HG
KS,SUBA,2018-03-09,,36.7826,129.2211,428.0,q330sp,,ES-DH-A,HG
KS,SUCA,2012-11-25,,35.373621,127.138635,91.0,Centaur,,Titan-PH-A,HG
KS,SWO2,2018-03-09,,37.2808,126.9824,132.0,q330hrs,CMG-40T-1-A,ES-T-A,EL
KS,TAHA,2018-03-09,,37.515,130.8118,214.0,q330sp,,ES-DH-A,HG
KS,TAIA,2018-03-09,,35.6507,126.9318,50.0,q330sp,,ES-DH-A,HG
KS,TANB,2016-12-16,,36.6731,126.1353,50.0,q330hrs,3ESPC,ES-DH-A,HH
KS,TBA2,2016-12-16,,37.1224,128.9523,839.0,q330hrs,CMG-40T-1-A,ES-T-A,EL
KS,TEJ2,2016-12-16,,36.37249,127.371137,103.6,q330sp,,ES-T-A,HG
KS,TOHA,2016-05-31,,37.507,129.1238,89.6,q330hrs,,ES-DH-A,HG
KS,UDO,2016-12-16,,33.5227,126.9538,6.0,q330hrs,STS-2.5-A,ES-T-A,HH
KS,UJBA,2019-03-18,,37.7548,127.1063,118.2,q330sp,,ES-DH-A,HG
KS,UJNA,2019-03-18,,36.9926,129.4135,103.0,q330sp,,ES-DH-A,HG
KS,ULDR,2018-03-09,,37.4809,130.8987,269.0,q330hrs,CMG-3TB-A,ES-DH-A,HH
KS,UNCA,2018-03-09,,35.4695,129.2395,79.0,q330sp,,ES-DH-A,HG
KS,USN2,2016-05-31,,35.7024,129.1232,250.0,q330hrs,CMG-40T-1-B,ES-T-A,EL
KS,WAJB,2022-11-29,,35.937821,127.293127,185.0,Centaur,Trilium120PH-A,Titan-PH-A,HH
KS,WAN2,2015-09-30,,34.3959,126.7019,77.0,q330hrs,CMG-40T-1-B,ES-T-A,EL
KS,WICA,2019-03-18,,35.7312,127.8015,499.0,q330sp,,ES-DH-A,HG
KS,WNBA,2019-03-18,,36.8238,126.2572,67.0,q330sp,,ES-DH-A,HG
KS,YAGA,2019-03-18,,37.407,127.7569,150.0,q330sp,,ES-DH-A,HG
KS,YALB,2018-03-09,,35.7279,128.1934,418.0,q330hrs,STS-5A-A,ES-DH-A,HH
KS,YAYA,2015-09-30,,38.1438,128.6025,69.0,q330hrs,,ES-DH-A,HG
KS,YAYB,2018-03-09,,38.0255,128.716,48.0,q330hrs,CMG-3TB-A,ES-DH-A,HH
KS,YC2B,2019-03-18,,38.0398,126.9257,85.0,q330hrs,STS-5A-A,ES-DH-A,HH
KS,YCHB,2019-03-18,,36.6222,128.4373,161.0,q330hrs,STS-5A-A,ES-DH-A,HH
KS,YDGA,2019-03-18,,36.0925,127.7943,0.369,q330sp,,ES-DH-A,HG
KS,YEAB,2019-03-18,,36.6611,128.8872,275.0,q330hrs,STS-5A-A,ES-DH-A,HH
KS,YEGA,2019-03-18,,35.2837,126.4776,86.0,q330sp,,ES-DH-A,HG
KS,YESA,2016-05-31,,34.7395,127.7405,116.0,q330hrs,,ES-DH-A,HG
KS,YEYB,2016-05-31,,36.6251,129.088,267.0,q330hrs,CMG-3TB-B,ES-DH-A,HH
KS,YGAA,2018-03-09,,35.8532,128.3657,80.0,q330sp,,ES-DH-A,HG
KS,YGBA,2019-03-18,,35.79543,129.3865,141.0,q330sp,,ES-DH-A,HG
KS,YGGA,2019-03-18,,38.0979,127.9852,223.0,q330sp,,ES-DH-A,HG
KS,YJD3,2020-03-18,,37.499,126.5493,98.0,q330sp,,ES-T-A,HG
KS,YKDB,2015-09-30,,34.6223,128.2734,122.0,q330hrs,CMG-3TB-B,ES-DH-A,HH
KS,YNDB,2015-09-30,,34.4323,127.8011,62.0,q330hrs,STS-5A-A,ES-DH-A,HH
KS,YOA,2016-05-31,,34.7655,126.7379,154.0,q330hrs,CMG-40T-1-B,ES-T-A,EL
KS,YOCB,2015-09-30,,35.9771,128.9511,143.0,q330hrs,CMG-3TB-B,ES-DH-A,HH
KS,YODB,2015-09-30,,36.5333,129.4096,88.0,q330hrs,CMG-3TB-A,ES-DH-A,HH
KS,YOGA,2019-03-18,,38.0942,127.2765,200.0,q330sp,,ES-DH-A,HG
KS,YOJA,2023-10-27,,35.022225,128.492818,58.0,q330sp,,ES-DH-A,HG
KS,YOJB,2015-09-30,,36.872,128.5166,252.0,q330hrs,STS-2.5-A,ES-DH-A,HH
KS,YOW2,2016-05-31,,37.1812,128.4569,287.0,q330hrs,CMG-40T-1-B,ES-T-A,EL
KS,YPDB,2015-09-30,,37.608,125.71,97.0,q330hrs,CMG-3TB-A,ES-DH-A,HH
KS,YSAB,2016-05-31,,36.742,126.8156,85.0,q330hrs,STS-2.5-A,ES-DH-A,HH
KS,YSDA,2019-03-18,,33.9866,126.9205,57.0,q330sp,,ES-DH-A,HG
KS,YUGA,2018-03-09,,36.5406,126.9473,95.0,q330sp,,ES-DH-A,HG
